name,name,name
"Albert Carey","Albert Smith","Albert Carey"
"Albert Carey","Albert Smith","Albert Larson"
"Albert Carey","Albert Smith","Albert Li"
"Albert Carey","Albert Smith","Alex Larson"
"Albert Carey","Albert Smith","Betty Lomet"
"Albert Carey","Albert Smith",BradPitt
"Albert Carey","Albert Smith",BruceWillis
"Albert Carey","Albert Smith","Celina Larson"
"Albert Carey","Albert Smith","Charles Parker"
"Albert Carey","Albert Smith","Charles Peterson"
"Albert Carey","Albert Smith","Christy Li"
"Albert Carey","Albert Smith","Emma DSouza"
"Albert Carey","Albert Smith","Emma Goldstein"
"Albert Carey","Albert Smith","Emma Smith"
"Albert Carey","Albert Smith","Jeremy Parker"
"Albert Carey","Albert Smith",JohnTravolta
"Albert Carey","Albert Smith",JuliaRoberts
"Albert Carey","Albert Smith","Kitty Toddbridge"
"Albert Carey","Albert Smith",MariahCarey
"Albert Carey","Albert Smith",MorganFreeman
"Albert Carey","Albert Smith","Nadir Wood"
"Albert Carey","Albert Smith",RafaelNadal
"Albert Carey","Albert Smith","Sam DSouza"
"Albert Carey","Albert Smith","Sam Larson"
"Albert Carey","Albert Smith","Sarena DSouza"
"Albert Carey","Albert Smith","Tina Keit"
"Albert Carey","Albert Smith","Tom Carey"
"Albert Carey","Albert Smith",VenusWilliams
"Albert Carey","Alex Larson","Albert Carey"
"Albert Carey","Alex Larson","Betty Helibron"
"Albert Carey","Alex Larson",BradPitt
"Albert Carey","Alex Larson","Bruno Larson"
"Albert Carey","Alex Larson","Bruno Li"
"Albert Carey","Alex Larson","Bruno Parker"
"Albert Carey","Alex Larson",DavidBeckham
"Albert Carey","Alex Larson","Denny Larson"
"Albert Carey","Alex Larson","Denny Toddbridge"
"Albert Carey","Alex Larson","Emma Parker"
"Albert Carey","Alex Larson","George Goldstein"
"Albert Carey","Alex Larson","George Lomet"
"Albert Carey","Alex Larson","George Parker"
"Albert Carey","Alex Larson","John Chrysler"
"Albert Carey","Alex Larson","John Parker"
"Albert Carey","Alex Larson",JustinTimberlake
"Albert Carey","Alex Larson","Kitty Helibron"
"Albert Carey","Alex Larson","Mandy Smith"
"Albert Carey","Alex Larson",MariahCarey
"Albert Carey","Alex Larson","Mary Smith"
"Albert Carey","Alex Larson",MorganFreeman
"Albert Carey","Alex Larson","Nadir Goldstein"
"Albert Carey","Alex Larson","Nadir Li"
"Albert Carey","Alex Larson","Sarena Carey"
"Albert Carey","Alex Larson","Tom Chrysler"
"Albert Carey","Alex Larson",VenusWilliams
"Albert Carey","Betty Helibron","Albert Carey"
"Albert Carey","Betty Helibron","Alex Carey"
"Albert Carey","Betty Helibron","Alex Larson"
"Albert Carey","Betty Helibron","Betty Lomet"
"Albert Carey","Betty Helibron",BradPitt
"Albert Carey","Betty Helibron",BruceWillis
"Albert Carey","Betty Helibron","Bruno Keit"
"Albert Carey","Betty Helibron","Bruno Lomet"
"Albert Carey","Betty Helibron","Celina Larson"
"Albert Carey","Betty Helibron","Charles Chrysler"
"Albert Carey","Betty Helibron","Christy Helibron"
"Albert Carey","Betty Helibron",DavidBeckham
"Albert Carey","Betty Helibron","Denny Goldstein"
"Albert Carey","Betty Helibron","Emma Smith"
"Albert Carey","Betty Helibron","George Parker"
"Albert Carey","Betty Helibron","Gina Parker"
"Albert Carey","Betty Helibron","Gina Smith"
"Albert Carey","Betty Helibron","Gina Toddbridge"
"Albert Carey","Betty Helibron",JohnTravolta
"Albert Carey","Betty Helibron",JuliaRoberts
"Albert Carey","Betty Helibron",JustinTimberlake
"Albert Carey","Betty Helibron","Kitty Toddbridge"
"Albert Carey","Betty Helibron",MariahCarey
"Albert Carey","Betty Helibron",MichaelPhelps
"Albert Carey","Betty Helibron","Monica Toddbridge"
"Albert Carey","Betty Helibron","Nadir Karipova"
"Albert Carey","Betty Helibron","Sam Goldstein"
"Albert Carey","Betty Helibron",SandraBullock
"Albert Carey","Betty Helibron","Tom Wood"
"Albert Carey","Betty Helibron",VenusWilliams
"Albert Carey",BradPitt,JuliaRoberts
"Albert Carey",BradPitt,MichaelPhelps
"Albert Carey",BradPitt,RafaelNadal
"Albert Carey","Bruno Keit","Albert Carey"
"Albert Carey","Bruno Keit","Albert Larson"
"Albert Carey","Bruno Keit","Albert Smith"
"Albert Carey","Bruno Keit","Betty Chrysler"
"Albert Carey","Bruno Keit",BradPitt
"Albert Carey","Bruno Keit","Charles DSouza"
"Albert Carey","Bruno Keit","Christy Li"
"Albert Carey","Bruno Keit","Denny Goldstein"
"Albert Carey","Bruno Keit","Elena Chrysler"
"Albert Carey","Bruno Keit","Elena Parker"
"Albert Carey","Bruno Keit","Gina Carey"
"Albert Carey","Bruno Keit","John Parker"
"Albert Carey","Bruno Keit",JohnTravolta
"Albert Carey","Bruno Keit",JuliaRoberts
"Albert Carey","Bruno Keit","Kitty Helibron"
"Albert Carey","Bruno Keit","Mandy Smith"
"Albert Carey","Bruno Keit","Mandy Wood"
"Albert Carey","Bruno Keit",MariahCarey
"Albert Carey","Bruno Keit","Mary Smith"
"Albert Carey","Bruno Keit",MichaelPhelps
"Albert Carey","Bruno Keit",MorganFreeman
"Albert Carey","Bruno Keit","Nadir Toddbridge"
"Albert Carey","Bruno Keit","Nadir Wood"
"Albert Carey","Bruno Keit","Peter Keit"
"Albert Carey","Bruno Keit","Roger Larson"
"Albert Carey","Bruno Keit","Tom Wood"
"Albert Carey","Bruno Keit",VenusWilliams
"Albert Carey","Bruno Larson","Alex Keit"
"Albert Carey","Bruno Larson","Betty Wood"
"Albert Carey","Bruno Larson",BradPitt
"Albert Carey","Bruno Larson","Charles Parker"
"Albert Carey","Bruno Larson","David Parker"
"Albert Carey","Bruno Larson",DavidBeckham
"Albert Carey","Bruno Larson","Elena DSouza"
"Albert Carey","Bruno Larson","Emma Goldstein"
"Albert Carey","Bruno Larson","Emma Smith"
"Albert Carey","Bruno Larson","Erie DSouza"
"Albert Carey","Bruno Larson","Gina Larson"
"Albert Carey","Bruno Larson","Gina Parker"
"Albert Carey","Bruno Larson","Gina Smith"
"Albert Carey","Bruno Larson","Jeremy Carey"
"Albert Carey","Bruno Larson",JuliaRoberts
"Albert Carey","Bruno Larson",JustinTimberlake
"Albert Carey","Bruno Larson","Mandy Wood"
"Albert Carey","Bruno Larson",MariahCarey
"Albert Carey","Bruno Larson",MorganFreeman
"Albert Carey","Bruno Larson","Nadir Helibron"
"Albert Carey","Bruno Larson","Sam Goldstein"
"Albert Carey","Bruno Larson","Sam Larson"
"Albert Carey","Bruno Larson","Sam Li"
"Albert Carey","Bruno Larson","Sam Peterson"
"Albert Carey","Bruno Larson",SandraBullock
"Albert Carey","Bruno Larson","Tina Keit"
"Albert Carey","Bruno Larson","Tom Wood"
"Albert Carey","Bruno Larson",VenusWilliams
"Albert Carey","Bruno Parker","Betty Helibron"
"Albert Carey","Bruno Parker","Betty Wood"
"Albert Carey","Bruno Parker",BradPitt
"Albert Carey","Bruno Parker","Bruno Lomet"
"Albert Carey","Bruno Parker","Denny Keit"
"Albert Carey","Bruno Parker","Denny Toddbridge"
"Albert Carey","Bruno Parker","Elena Chrysler"
"Albert Carey","Bruno Parker","George Goldstein"
"Albert Carey","Bruno Parker","George Lomet"
"Albert Carey","Bruno Parker","George Smith"
"Albert Carey","Bruno Parker","Gina Carey"
"Albert Carey","Bruno Parker","Gina Larson"
"Albert Carey","Bruno Parker","Gina Parker"
"Albert Carey","Bruno Parker","John Chrysler"
"Albert Carey","Bruno Parker",JohnTravolta
"Albert Carey","Bruno Parker",JuliaRoberts
"Albert Carey","Bruno Parker","Kitty Toddbridge"
"Albert Carey","Bruno Parker",MariahCarey
"Albert Carey","Bruno Parker",MorganFreeman
"Albert Carey","Bruno Parker",RafaelNadal
"Albert Carey","Bruno Parker","Roger Carey"
"Albert Carey","Bruno Parker","Roger DSouza"
"Albert Carey","Bruno Parker","Sam Helibron"
"Albert Carey","Bruno Parker","Sarena Carey"
"Albert Carey","Bruno Parker","Tom Carey"
"Albert Carey","Bruno Parker","Tom Chrysler"
"Albert Carey","Bruno Parker",VenusWilliams
"Albert Carey","Celina Toddbridge","Alex Keit"
"Albert Carey","Celina Toddbridge","Alex Larson"
"Albert Carey","Celina Toddbridge","Betty Helibron"
"Albert Carey","Celina Toddbridge","Betty Wood"
"Albert Carey","Celina Toddbridge",BradPitt
"Albert Carey","Celina Toddbridge","Bruno Parker"
"Albert Carey","Celina Toddbridge","Charles Peterson"
"Albert Carey","Celina Toddbridge","Christy Helibron"
"Albert Carey","Celina Toddbridge",DavidBeckham
"Albert Carey","Celina Toddbridge","Denny Keit"
"Albert Carey","Celina Toddbridge","Denny Toddbridge"
"Albert Carey","Celina Toddbridge","Gabriela Li"
"Albert Carey","Celina Toddbridge","John Chrysler"
"Albert Carey","Celina Toddbridge","John Wood"
"Albert Carey","Celina Toddbridge",JohnTravolta
"Albert Carey","Celina Toddbridge",JuliaRoberts
"Albert Carey","Celina Toddbridge","Kitty Helibron"
"Albert Carey","Celina Toddbridge",MariahCarey
"Albert Carey","Celina Toddbridge","Mary Smith"
"Albert Carey","Celina Toddbridge",MichaelPhelps
"Albert Carey","Celina Toddbridge","Monica Lomet"
"Albert Carey","Celina Toddbridge",MorganFreeman
"Albert Carey","Celina Toddbridge","Nadir Helibron"
"Albert Carey","Celina Toddbridge","Nadir Karipova"
"Albert Carey","Celina Toddbridge","Peter Karipova"
"Albert Carey","Celina Toddbridge","Sam Larson"
"Albert Carey","Celina Toddbridge",SandraBullock
"Albert Carey","Celina Toddbridge","Sarena DSouza"
"Albert Carey","Celina Toddbridge",VenusWilliams
"Albert Carey","Charles Karipova","Albert Karipova"
"Albert Carey","Charles Karipova","Alex Peterson"
"Albert Carey","Charles Karipova","Betty Chrysler"
"Albert Carey","Charles Karipova",BradPitt
"Albert Carey","Charles Karipova","Charles Parker"
"Albert Carey","Charles Karipova","Christy Helibron"
"Albert Carey","Charles Karipova","Christy Li"
"Albert Carey","Charles Karipova","Christy Lomet"
"Albert Carey","Charles Karipova",DavidBeckham
"Albert Carey","Charles Karipova","Denny Karipova"
"Albert Carey","Charles Karipova","Denny Larson"
"Albert Carey","Charles Karipova","George Smith"
"Albert Carey","Charles Karipova","Gina Larson"
"Albert Carey","Charles Karipova","Gina Toddbridge"
"Albert Carey","Charles Karipova","Jeremy Carey"
"Albert Carey","Charles Karipova","John Parker"
"Albert Carey","Charles Karipova","John Wood"
"Albert Carey","Charles Karipova",JohnTravolta
"Albert Carey","Charles Karipova",JuliaRoberts
"Albert Carey","Charles Karipova",MariahCarey
"Albert Carey","Charles Karipova","Monica DSouza"
"Albert Carey","Charles Karipova",MorganFreeman
"Albert Carey","Charles Karipova",RafaelNadal
"Albert Carey","Charles Karipova","Sam Helibron"
"Albert Carey","Charles Karipova","Sam Li"
"Albert Carey","Charles Karipova",SandraBullock
"Albert Carey","Charles Karipova","Tom Carey"
"Albert Carey","Charles Karipova","Tom Wood"
"Albert Carey","Charles Karipova",VenusWilliams
"Albert Carey","Charles Peterson","Albert Helibron"
"Albert Carey","Charles Peterson","Albert Karipova"
"Albert Carey","Charles Peterson","Albert Larson"
"Albert Carey","Charles Peterson","Albert Smith"
"Albert Carey","Charles Peterson","Alex Keit"
"Albert Carey","Charles Peterson","Alex Peterson"
"Albert Carey","Charles Peterson",BradPitt
"Albert Carey","Charles Peterson","Bruno Keit"
"Albert Carey","Charles Peterson","Christy Helibron"
"Albert Carey","Charles Peterson","David Parker"
"Albert Carey","Charles Peterson","Denny Keit"
"Albert Carey","Charles Peterson","Elena Chrysler"
"Albert Carey","Charles Peterson","Emma Parker"
"Albert Carey","Charles Peterson","George Smith"
"Albert Carey","Charles Peterson",JohnTravolta
"Albert Carey","Charles Peterson","Monica Toddbridge"
"Albert Carey","Charles Peterson",MorganFreeman
"Albert Carey","Charles Peterson","Nadir Goldstein"
"Albert Carey","Charles Peterson","Nadir Li"
"Albert Carey","Charles Peterson",NicholasCage
"Albert Carey","Charles Peterson","Peter Keit"
"Albert Carey","Charles Peterson",RafaelNadal
"Albert Carey","Charles Peterson","Roger Carey"
"Albert Carey","Charles Peterson","Sam Peterson"
"Albert Carey","Charles Peterson",SandraBullock
"Albert Carey","Charles Peterson",VenusWilliams
"Albert Carey","David Parker","Albert Carey"
"Albert Carey","David Parker","Albert Smith"
"Albert Carey","David Parker","Alex Wood"
"Albert Carey","David Parker","Betty Chrysler"
"Albert Carey","David Parker","Betty Helibron"
"Albert Carey","David Parker","Betty Lomet"
"Albert Carey","David Parker",BradPitt
"Albert Carey","David Parker",BruceWillis
"Albert Carey","David Parker","Bruno Keit"
"Albert Carey","David Parker","Bruno Li"
"Albert Carey","David Parker","Bruno Smith"
"Albert Carey","David Parker","Charles Chrysler"
"Albert Carey","David Parker",DavidBeckham
"Albert Carey","David Parker","Denny Karipova"
"Albert Carey","David Parker","Emma Parker"
"Albert Carey","David Parker","Erie Karipova"
"Albert Carey","David Parker","George Lomet"
"Albert Carey","David Parker","George Parker"
"Albert Carey","David Parker","John Parker"
"Albert Carey","David Parker",JohnTravolta
"Albert Carey","David Parker",MariahCarey
"Albert Carey","David Parker",MorganFreeman
"Albert Carey","David Parker",NicholasCage
"Albert Carey","David Parker",RafaelNadal
"Albert Carey","David Parker","Sam Larson"
"Albert Carey","David Parker","Sam Li"
"Albert Carey","David Parker","Tom Wood"
"Albert Carey","David Parker",VenusWilliams
"Albert Carey","Denny Karipova","Albert Carey"
"Albert Carey","Denny Karipova","Albert Karipova"
"Albert Carey","Denny Karipova","Albert Larson"
"Albert Carey","Denny Karipova","Albert Li"
"Albert Carey","Denny Karipova","Betty Chrysler"
"Albert Carey","Denny Karipova",BradPitt
"Albert Carey","Denny Karipova",BruceWillis
"Albert Carey","Denny Karipova","Bruno Larson"
"Albert Carey","Denny Karipova","Bruno Smith"
"Albert Carey","Denny Karipova","Celina Toddbridge"
"Albert Carey","Denny Karipova",DavidBeckham
"Albert Carey","Denny Karipova","Denny Toddbridge"
"Albert Carey","Denny Karipova","Elena Chrysler"
"Albert Carey","Denny Karipova","Elena DSouza"
"Albert Carey","Denny Karipova","George Goldstein"
"Albert Carey","Denny Karipova","Gina Parker"
"Albert Carey","Denny Karipova","Jeremy Carey"
"Albert Carey","Denny Karipova","Jeremy Goldstein"
"Albert Carey","Denny Karipova",JohnTravolta
"Albert Carey","Denny Karipova",JuliaRoberts
"Albert Carey","Denny Karipova","Mike Keit"
"Albert Carey","Denny Karipova","Monica Toddbridge"
"Albert Carey","Denny Karipova","Roger Lomet"
"Albert Carey","Denny Karipova","Sam Goldstein"
"Albert Carey","Denny Karipova","Tom Carey"
"Albert Carey","Denny Karipova",TomHanks
"Albert Carey","Denny Karipova",VenusWilliams
"Albert Carey","Denny Keit","Albert Carey"
"Albert Carey","Denny Keit","Albert Smith"
"Albert Carey","Denny Keit","Alex Keit"
"Albert Carey","Denny Keit",BradPitt
"Albert Carey","Denny Keit","Bruno Parker"
"Albert Carey","Denny Keit","Charles DSouza"
"Albert Carey","Denny Keit","Christy Helibron"
"Albert Carey","Denny Keit","Christy Lomet"
"Albert Carey","Denny Keit","Elena DSouza"
"Albert Carey","Denny Keit","Elena Parker"
"Albert Carey","Denny Keit","Emma Parker"
"Albert Carey","Denny Keit","George Lomet"
"Albert Carey","Denny Keit","Jeremy Goldstein"
"Albert Carey","Denny Keit",JohnTravolta
"Albert Carey","Denny Keit",JuliaRoberts
"Albert Carey","Denny Keit",MariahCarey
"Albert Carey","Denny Keit",MorganFreeman
"Albert Carey","Denny Keit","Nadir Goldstein"
"Albert Carey","Denny Keit","Nadir Toddbridge"
"Albert Carey","Denny Keit","Peter Keit"
"Albert Carey","Denny Keit","Roger Carey"
"Albert Carey","Denny Keit","Roger DSouza"
"Albert Carey","Denny Keit","Sam Li"
"Albert Carey","Denny Keit","Sam Peterson"
"Albert Carey","Denny Keit","Sarena Carey"
"Albert Carey","Denny Keit",VenusWilliams
"Albert Carey","Emma DSouza","Alex Larson"
"Albert Carey","Emma DSouza","Betty Chrysler"
"Albert Carey","Emma DSouza","Betty Helibron"
"Albert Carey","Emma DSouza",BradPitt
"Albert Carey","Emma DSouza","Bruno Larson"
"Albert Carey","Emma DSouza","Charles Karipova"
"Albert Carey","Emma DSouza",DavidBeckham
"Albert Carey","Emma DSouza","Denny Goldstein"
"Albert Carey","Emma DSouza","Erie DSouza"
"Albert Carey","Emma DSouza","Gabriela Li"
"Albert Carey","Emma DSouza","Gina Parker"
"Albert Carey","Emma DSouza","Jeremy Carey"
"Albert Carey","Emma DSouza",JuliaRoberts
"Albert Carey","Emma DSouza",JustinTimberlake
"Albert Carey","Emma DSouza","Mandy Wood"
"Albert Carey","Emma DSouza",MariahCarey
"Albert Carey","Emma DSouza","Mary Smith"
"Albert Carey","Emma DSouza","Monica Lomet"
"Albert Carey","Emma DSouza","Nadir Goldstein"
"Albert Carey","Emma DSouza","Nadir Toddbridge"
"Albert Carey","Emma DSouza",RafaelNadal
"Albert Carey","Emma DSouza","Roger Carey"
"Albert Carey","Emma DSouza","Roger DSouza"
"Albert Carey","Emma DSouza","Sam Goldstein"
"Albert Carey","Emma DSouza","Tom Chrysler"
"Albert Carey","Emma DSouza",VenusWilliams
"Albert Carey","Erie Karipova","Albert Larson"
"Albert Carey","Erie Karipova",BradPitt
"Albert Carey","Erie Karipova","Bruno Karipova"
"Albert Carey","Erie Karipova","Bruno Keit"
"Albert Carey","Erie Karipova","Bruno Li"
"Albert Carey","Erie Karipova","Celina Larson"
"Albert Carey","Erie Karipova","Celina Parker"
"Albert Carey","Erie Karipova","Charles Chrysler"
"Albert Carey","Erie Karipova","Charles Karipova"
"Albert Carey","Erie Karipova","Christy Lomet"
"Albert Carey","Erie Karipova","Emma Goldstein"
"Albert Carey","Erie Karipova","Erie DSouza"
"Albert Carey","Erie Karipova","Gina Helibron"
"Albert Carey","Erie Karipova","Gina Parker"
"Albert Carey","Erie Karipova",JohnTravolta
"Albert Carey","Erie Karipova",JuliaRoberts
"Albert Carey","Erie Karipova",JustinTimberlake
"Albert Carey","Erie Karipova","Kitty Toddbridge"
"Albert Carey","Erie Karipova","Mary Smith"
"Albert Carey","Erie Karipova",MorganFreeman
"Albert Carey","Erie Karipova",NicholasCage
"Albert Carey","Erie Karipova",RafaelNadal
"Albert Carey","Erie Karipova","Roger Lomet"
"Albert Carey","Erie Karipova","Sam DSouza"
"Albert Carey","Erie Karipova","Sam Goldstein"
"Albert Carey","Erie Karipova","Tom Chrysler"
"Albert Carey","Erie Karipova","Tom Wood"
"Albert Carey","Erie Karipova",VenusWilliams
"Albert Carey","Gina Parker","Alex Keit"
"Albert Carey","Gina Parker","Alex Peterson"
"Albert Carey","Gina Parker","Alex Wood"
"Albert Carey","Gina Parker","Betty Chrysler"
"Albert Carey","Gina Parker","Betty Helibron"
"Albert Carey","Gina Parker",BradPitt
"Albert Carey","Gina Parker","Charles DSouza"
"Albert Carey","Gina Parker","Christy Helibron"
"Albert Carey","Gina Parker","Christy Lomet"
"Albert Carey","Gina Parker",DavidBeckham
"Albert Carey","Gina Parker","Elena Parker"
"Albert Carey","Gina Parker","Jeremy Carey"
"Albert Carey","Gina Parker","Jeremy Goldstein"
"Albert Carey","Gina Parker","John Parker"
"Albert Carey","Gina Parker",JohnTravolta
"Albert Carey","Gina Parker",JuliaRoberts
"Albert Carey","Gina Parker",JustinTimberlake
"Albert Carey","Gina Parker","Mandy Wood"
"Albert Carey","Gina Parker","Monica DSouza"
"Albert Carey","Gina Parker",MorganFreeman
"Albert Carey","Gina Parker","Nadir Toddbridge"
"Albert Carey","Gina Parker",NicholasCage
"Albert Carey","Gina Parker","Peter Karipova"
"Albert Carey","Gina Parker","Sam Goldstein"
"Albert Carey","Gina Parker","Sam Peterson"
"Albert Carey","Gina Parker","Tom Chrysler"
"Albert Carey","Gina Parker",VenusWilliams
"Albert Carey","John Parker","Albert Karipova"
"Albert Carey","John Parker","Albert Li"
"Albert Carey","John Parker","Alex Wood"
"Albert Carey","John Parker","Betty Helibron"
"Albert Carey","John Parker",BradPitt
"Albert Carey","John Parker",BruceWillis
"Albert Carey","John Parker","Bruno Parker"
"Albert Carey","John Parker","Charles Peterson"
"Albert Carey","John Parker","Christy Lomet"
"Albert Carey","John Parker","Denny Goldstein"
"Albert Carey","John Parker","Emma Smith"
"Albert Carey","John Parker","Gina Carey"
"Albert Carey","John Parker","Gina Smith"
"Albert Carey","John Parker",JuliaRoberts
"Albert Carey","John Parker","Kitty Helibron"
"Albert Carey","John Parker","Mike Keit"
"Albert Carey","John Parker","Monica Toddbridge"
"Albert Carey","John Parker",MorganFreeman
"Albert Carey","John Parker","Nadir Goldstein"
"Albert Carey","John Parker","Nadir Karipova"
"Albert Carey","John Parker",NicholasCage
"Albert Carey","John Parker","Peter Keit"
"Albert Carey","John Parker","Sam DSouza"
"Albert Carey","John Parker","Sam Helibron"
"Albert Carey",JohnTravolta,MichaelPhelps
"Albert Carey",JuliaRoberts,MorganFreeman
"Albert Carey",MariahCarey,MorganFreeman
"Albert Carey","Nadir Karipova","Albert Carey"
"Albert Carey","Nadir Karipova","Albert Helibron"
"Albert Carey","Nadir Karipova","Albert Larson"
"Albert Carey","Nadir Karipova","Betty Helibron"
"Albert Carey","Nadir Karipova","Betty Wood"
"Albert Carey","Nadir Karipova",BradPitt
"Albert Carey","Nadir Karipova","Bruno Karipova"
"Albert Carey","Nadir Karipova","Charles Parker"
"Albert Carey","Nadir Karipova","David Parker"
"Albert Carey","Nadir Karipova","Denny Toddbridge"
"Albert Carey","Nadir Karipova","Emma Goldstein"
"Albert Carey","Nadir Karipova","Emma Parker"
"Albert Carey","Nadir Karipova","George Lomet"
"Albert Carey","Nadir Karipova","Gina Smith"
"Albert Carey","Nadir Karipova","John Wood"
"Albert Carey","Nadir Karipova",JuliaRoberts
"Albert Carey","Nadir Karipova","Monica Lomet"
"Albert Carey","Nadir Karipova",MorganFreeman
"Albert Carey","Nadir Karipova","Nadir Toddbridge"
"Albert Carey","Nadir Karipova",NicholasCage
"Albert Carey","Nadir Karipova","Roger Lomet"
"Albert Carey","Nadir Karipova","Sam Peterson"
"Albert Carey","Nadir Karipova",SandraBullock
"Albert Carey","Nadir Karipova","Sarena DSouza"
"Albert Carey","Nadir Karipova","Tom Chrysler"
"Albert Carey","Peter Karipova","Albert Carey"
"Albert Carey","Peter Karipova","Albert Helibron"
"Albert Carey","Peter Karipova","Betty Lomet"
"Albert Carey","Peter Karipova","Betty Wood"
"Albert Carey","Peter Karipova",BradPitt
"Albert Carey","Peter Karipova","Bruno Keit"
"Albert Carey","Peter Karipova","Celina Toddbridge"
"Albert Carey","Peter Karipova","Emma Parker"
"Albert Carey","Peter Karipova","Emma Smith"
"Albert Carey","Peter Karipova","Gina Helibron"
"Albert Carey","Peter Karipova","Gina Toddbridge"
"Albert Carey","Peter Karipova","Jeremy Parker"
"Albert Carey","Peter Karipova",JohnTravolta
"Albert Carey","Peter Karipova",JuliaRoberts
"Albert Carey","Peter Karipova","Kitty Toddbridge"
"Albert Carey","Peter Karipova",MariahCarey
"Albert Carey","Peter Karipova","Monica DSouza"
"Albert Carey","Peter Karipova","Monica Lomet"
"Albert Carey","Peter Karipova","Nadir Goldstein"
"Albert Carey","Peter Karipova",NicholasCage
"Albert Carey","Peter Karipova",RafaelNadal
"Albert Carey","Peter Karipova","Roger Carey"
"Albert Carey","Peter Karipova","Sam DSouza"
"Albert Carey","Peter Karipova","Sam Goldstein"
"Albert Carey","Peter Karipova","Sam Peterson"
"Albert Carey","Peter Karipova",SandraBullock
"Albert Carey","Peter Karipova","Sarena Carey"
"Albert Carey","Peter Karipova",VenusWilliams
"Albert Carey","Sarena DSouza","Alex Peterson"
"Albert Carey","Sarena DSouza",BradPitt
"Albert Carey","Sarena DSouza","Bruno Keit"
"Albert Carey","Sarena DSouza","Bruno Lomet"
"Albert Carey","Sarena DSouza","Charles Chrysler"
"Albert Carey","Sarena DSouza","Charles DSouza"
"Albert Carey","Sarena DSouza","Christy Helibron"
"Albert Carey","Sarena DSouza",DavidBeckham
"Albert Carey","Sarena DSouza","Emma Goldstein"
"Albert Carey","Sarena DSouza","Emma Smith"
"Albert Carey","Sarena DSouza","Gina Toddbridge"
"Albert Carey","Sarena DSouza",JohnTravolta
"Albert Carey","Sarena DSouza",JustinTimberlake
"Albert Carey","Sarena DSouza","Kitty Helibron"
"Albert Carey","Sarena DSouza","Kitty Toddbridge"
"Albert Carey","Sarena DSouza","Mandy Smith"
"Albert Carey","Sarena DSouza","Mandy Wood"
"Albert Carey","Sarena DSouza",MariahCarey
"Albert Carey","Sarena DSouza","Monica DSouza"
"Albert Carey","Sarena DSouza","Monica Toddbridge"
"Albert Carey","Sarena DSouza",MorganFreeman
"Albert Carey","Sarena DSouza","Nadir Wood"
"Albert Carey","Sarena DSouza",NicholasCage
"Albert Carey","Sarena DSouza","Peter Karipova"
"Albert Carey","Sarena DSouza","Roger Carey"
"Albert Carey","Sarena DSouza","Sam Helibron"
"Albert Carey","Sarena DSouza","Tina Keit"
"Albert Carey","Sarena DSouza",VenusWilliams
"Albert Carey",VenusWilliams,JuliaRoberts
"Albert Carey",VenusWilliams,NicoleKidman
"Albert Helibron","Albert Carey","Albert Smith"
"Albert Helibron","Albert Carey","Alex Larson"
"Albert Helibron","Albert Carey","Betty Helibron"
"Albert Helibron","Albert Carey",BradPitt
"Albert Helibron","Albert Carey","Bruno Keit"
"Albert Helibron","Albert Carey","Bruno Larson"
"Albert Helibron","Albert Carey","Bruno Parker"
"Albert Helibron","Albert Carey","Celina Toddbridge"
"Albert Helibron","Albert Carey","Charles Karipova"
"Albert Helibron","Albert Carey","Charles Peterson"
"Albert Helibron","Albert Carey","David Parker"
"Albert Helibron","Albert Carey","Denny Karipova"
"Albert Helibron","Albert Carey","Denny Keit"
"Albert Helibron","Albert Carey","Emma DSouza"
"Albert Helibron","Albert Carey","Erie Karipova"
"Albert Helibron","Albert Carey","Gina Parker"
"Albert Helibron","Albert Carey","John Parker"
"Albert Helibron","Albert Carey",JohnTravolta
"Albert Helibron","Albert Carey",JuliaRoberts
"Albert Helibron","Albert Carey",MariahCarey
"Albert Helibron","Albert Carey",MorganFreeman
"Albert Helibron","Albert Carey","Nadir Karipova"
"Albert Helibron","Albert Carey","Peter Karipova"
"Albert Helibron","Albert Carey",RafaelNadal
"Albert Helibron","Albert Carey","Sarena DSouza"
"Albert Helibron","Albert Carey",VenusWilliams
"Albert Helibron","Alex Keit","Betty Lomet"
"Albert Helibron","Alex Keit",BradPitt
"Albert Helibron","Alex Keit","Charles Chrysler"
"Albert Helibron","Alex Keit","Christy Lomet"
"Albert Helibron","Alex Keit","Denny Goldstein"
"Albert Helibron","Alex Keit","Denny Larson"
"Albert Helibron","Alex Keit","Denny Toddbridge"
"Albert Helibron","Alex Keit","Elena Parker"
"Albert Helibron","Alex Keit","Gina Parker"
"Albert Helibron","Alex Keit","Gina Smith"
"Albert Helibron","Alex Keit","Jeremy Parker"
"Albert Helibron","Alex Keit","John Chrysler"
"Albert Helibron","Alex Keit",JohnTravolta
"Albert Helibron","Alex Keit",JuliaRoberts
"Albert Helibron","Alex Keit","Mandy Wood"
"Albert Helibron","Alex Keit","Mary Smith"
"Albert Helibron","Alex Keit","Monica Keit"
"Albert Helibron","Alex Keit","Nadir Helibron"
"Albert Helibron","Alex Keit","Nadir Li"
"Albert Helibron","Alex Keit","Nadir Toddbridge"
"Albert Helibron","Alex Keit",NicholasCage
"Albert Helibron","Alex Keit","Peter Keit"
"Albert Helibron","Alex Keit",RafaelNadal
"Albert Helibron","Alex Keit","Sarena Carey"
"Albert Helibron","Alex Keit",VenusWilliams
"Albert Helibron","Betty Chrysler","Albert Larson"
"Albert Helibron","Betty Chrysler","Alex Keit"
"Albert Helibron","Betty Chrysler","Alex Peterson"
"Albert Helibron","Betty Chrysler",BradPitt
"Albert Helibron","Betty Chrysler","Bruno Smith"
"Albert Helibron","Betty Chrysler","Celina Parker"
"Albert Helibron","Betty Chrysler","Charles Karipova"
"Albert Helibron","Betty Chrysler","Charles Parker"
"Albert Helibron","Betty Chrysler","Christy Lomet"
"Albert Helibron","Betty Chrysler",DavidBeckham
"Albert Helibron","Betty Chrysler","Denny Karipova"
"Albert Helibron","Betty Chrysler","George Lomet"
"Albert Helibron","Betty Chrysler","George Parker"
"Albert Helibron","Betty Chrysler","George Smith"
"Albert Helibron","Betty Chrysler","Gina Toddbridge"
"Albert Helibron","Betty Chrysler","John Chrysler"
"Albert Helibron","Betty Chrysler","John Parker"
"Albert Helibron","Betty Chrysler",JohnTravolta
"Albert Helibron","Betty Chrysler",JuliaRoberts
"Albert Helibron","Betty Chrysler","Mandy Wood"
"Albert Helibron","Betty Chrysler",MariahCarey
"Albert Helibron","Betty Chrysler",NicholasCage
"Albert Helibron","Betty Chrysler","Roger DSouza"
"Albert Helibron","Betty Chrysler","Sam Peterson"
"Albert Helibron","Betty Chrysler","Sarena Carey"
"Albert Helibron","Betty Chrysler",VenusWilliams
"Albert Helibron",BradPitt,JuliaRoberts
"Albert Helibron",BradPitt,MichaelPhelps
"Albert Helibron",BradPitt,RafaelNadal
"Albert Helibron","Bruno Karipova","Albert Carey"
"Albert Helibron","Bruno Karipova","Albert Helibron"
"Albert Helibron","Bruno Karipova","Albert Li"
"Albert Helibron","Bruno Karipova","Alex Keit"
"Albert Helibron","Bruno Karipova","Alex Peterson"
"Albert Helibron","Bruno Karipova","Betty Lomet"
"Albert Helibron","Bruno Karipova",BradPitt
"Albert Helibron","Bruno Karipova","Bruno Keit"
"Albert Helibron","Bruno Karipova","Bruno Parker"
"Albert Helibron","Bruno Karipova","Denny Toddbridge"
"Albert Helibron","Bruno Karipova","Elena DSouza"
"Albert Helibron","Bruno Karipova","Gina Carey"
"Albert Helibron","Bruno Karipova","Gina Smith"
"Albert Helibron","Bruno Karipova",JohnTravolta
"Albert Helibron","Bruno Karipova",JuliaRoberts
"Albert Helibron","Bruno Karipova","Mandy Smith"
"Albert Helibron","Bruno Karipova",MariahCarey
"Albert Helibron","Bruno Karipova","Mary Smith"
"Albert Helibron","Bruno Karipova","Monica DSouza"
"Albert Helibron","Bruno Karipova",MorganFreeman
"Albert Helibron","Bruno Karipova","Nadir Li"
"Albert Helibron","Bruno Karipova",RafaelNadal
"Albert Helibron","Bruno Karipova","Roger Larson"
"Albert Helibron","Bruno Karipova",SandraBullock
"Albert Helibron","Bruno Karipova","Sarena DSouza"
"Albert Helibron","Bruno Karipova","Tom Chrysler"
"Albert Helibron","Bruno Karipova",VenusWilliams
"Albert Helibron","Bruno Larson","Alex Keit"
"Albert Helibron","Bruno Larson","Betty Wood"
"Albert Helibron","Bruno Larson",BradPitt
"Albert Helibron","Bruno Larson","Charles Parker"
"Albert Helibron","Bruno Larson","David Parker"
"Albert Helibron","Bruno Larson",DavidBeckham
"Albert Helibron","Bruno Larson","Elena DSouza"
"Albert Helibron","Bruno Larson","Emma Goldstein"
"Albert Helibron","Bruno Larson","Emma Smith"
"Albert Helibron","Bruno Larson","Erie DSouza"
"Albert Helibron","Bruno Larson","Gina Larson"
"Albert Helibron","Bruno Larson","Gina Parker"
"Albert Helibron","Bruno Larson","Gina Smith"
"Albert Helibron","Bruno Larson","Jeremy Carey"
"Albert Helibron","Bruno Larson",JuliaRoberts
"Albert Helibron","Bruno Larson",JustinTimberlake
"Albert Helibron","Bruno Larson","Mandy Wood"
"Albert Helibron","Bruno Larson",MariahCarey
"Albert Helibron","Bruno Larson",MorganFreeman
"Albert Helibron","Bruno Larson","Nadir Helibron"
"Albert Helibron","Bruno Larson","Sam Goldstein"
"Albert Helibron","Bruno Larson","Sam Larson"
"Albert Helibron","Bruno Larson","Sam Li"
"Albert Helibron","Bruno Larson","Sam Peterson"
"Albert Helibron","Bruno Larson",SandraBullock
"Albert Helibron","Bruno Larson","Tina Keit"
"Albert Helibron","Bruno Larson","Tom Wood"
"Albert Helibron","Bruno Larson",VenusWilliams
"Albert Helibron","Bruno Li","Albert Karipova"
"Albert Helibron","Bruno Li","Albert Li"
"Albert Helibron","Bruno Li","Alex Larson"
"Albert Helibron","Bruno Li","Alex Peterson"
"Albert Helibron","Bruno Li","Alex Wood"
"Albert Helibron","Bruno Li","Betty Helibron"
"Albert Helibron","Bruno Li","Betty Lomet"
"Albert Helibron","Bruno Li",BradPitt
"Albert Helibron","Bruno Li",BruceWillis
"Albert Helibron","Bruno Li","Bruno Parker"
"Albert Helibron","Bruno Li","Celina Parker"
"Albert Helibron","Bruno Li","Celina Toddbridge"
"Albert Helibron","Bruno Li","Charles Parker"
"Albert Helibron","Bruno Li","Christy Li"
"Albert Helibron","Bruno Li",DavidBeckham
"Albert Helibron","Bruno Li","Denny Goldstein"
"Albert Helibron","Bruno Li","Denny Keit"
"Albert Helibron","Bruno Li","Elena Parker"
"Albert Helibron","Bruno Li",JohnTravolta
"Albert Helibron","Bruno Li",JuliaRoberts
"Albert Helibron","Bruno Li","Kitty Helibron"
"Albert Helibron","Bruno Li",MichaelPhelps
"Albert Helibron","Bruno Li","Monica Keit"
"Albert Helibron","Bruno Li","Peter Karipova"
"Albert Helibron","Bruno Li","Sam Helibron"
"Albert Helibron","Bruno Li","Tina Keit"
"Albert Helibron","Christy Li","Albert Carey"
"Albert Helibron","Christy Li","Albert Helibron"
"Albert Helibron","Christy Li","Albert Smith"
"Albert Helibron","Christy Li","Alex Keit"
"Albert Helibron","Christy Li","Alex Larson"
"Albert Helibron","Christy Li","Betty Helibron"
"Albert Helibron","Christy Li","Betty Lomet"
"Albert Helibron","Christy Li",BradPitt
"Albert Helibron","Christy Li",BruceWillis
"Albert Helibron","Christy Li","Bruno Karipova"
"Albert Helibron","Christy Li","Bruno Smith"
"Albert Helibron","Christy Li","Celina Larson"
"Albert Helibron","Christy Li","Charles DSouza"
"Albert Helibron","Christy Li","Charles Parker"
"Albert Helibron","Christy Li","Denny Larson"
"Albert Helibron","Christy Li","Emma Goldstein"
"Albert Helibron","Christy Li","Emma Smith"
"Albert Helibron","Christy Li","Gina Smith"
"Albert Helibron","Christy Li",JuliaRoberts
"Albert Helibron","Christy Li",JustinTimberlake
"Albert Helibron","Christy Li","Mandy Smith"
"Albert Helibron","Christy Li","Monica Toddbridge"
"Albert Helibron","Christy Li",MorganFreeman
"Albert Helibron","Christy Li",NicholasCage
"Albert Helibron","Christy Li",RafaelNadal
"Albert Helibron","Christy Li","Roger Carey"
"Albert Helibron","Christy Li","Tom Carey"
"Albert Helibron","Denny Goldstein","Albert Helibron"
"Albert Helibron","Denny Goldstein","Alex Carey"
"Albert Helibron","Denny Goldstein","Alex Keit"
"Albert Helibron","Denny Goldstein","Alex Larson"
"Albert Helibron","Denny Goldstein","Betty Chrysler"
"Albert Helibron","Denny Goldstein","Betty Lomet"
"Albert Helibron","Denny Goldstein",BradPitt
"Albert Helibron","Denny Goldstein","Bruno Karipova"
"Albert Helibron","Denny Goldstein","Bruno Lomet"
"Albert Helibron","Denny Goldstein","Bruno Smith"
"Albert Helibron","Denny Goldstein","Celina Parker"
"Albert Helibron","Denny Goldstein","Charles DSouza"
"Albert Helibron","Denny Goldstein","Charles Peterson"
"Albert Helibron","Denny Goldstein","Erie Karipova"
"Albert Helibron","Denny Goldstein","George Lomet"
"Albert Helibron","Denny Goldstein","George Smith"
"Albert Helibron","Denny Goldstein","Gina Helibron"
"Albert Helibron","Denny Goldstein","John Wood"
"Albert Helibron","Denny Goldstein",JohnTravolta
"Albert Helibron","Denny Goldstein",JuliaRoberts
"Albert Helibron","Denny Goldstein",MariahCarey
"Albert Helibron","Denny Goldstein",NicholasCage
"Albert Helibron","Denny Goldstein","Roger Carey"
"Albert Helibron","Denny Goldstein","Sam Li"
"Albert Helibron","Denny Goldstein","Sarena Li"
"Albert Helibron","Denny Goldstein",VenusWilliams
"Albert Helibron","Emma DSouza","Alex Larson"
"Albert Helibron","Emma DSouza","Betty Chrysler"
"Albert Helibron","Emma DSouza","Betty Helibron"
"Albert Helibron","Emma DSouza",BradPitt
"Albert Helibron","Emma DSouza","Bruno Larson"
"Albert Helibron","Emma DSouza","Charles Karipova"
"Albert Helibron","Emma DSouza",DavidBeckham
"Albert Helibron","Emma DSouza","Denny Goldstein"
"Albert Helibron","Emma DSouza","Erie DSouza"
"Albert Helibron","Emma DSouza","Gabriela Li"
"Albert Helibron","Emma DSouza","Gina Parker"
"Albert Helibron","Emma DSouza","Jeremy Carey"
"Albert Helibron","Emma DSouza",JuliaRoberts
"Albert Helibron","Emma DSouza",JustinTimberlake
"Albert Helibron","Emma DSouza","Mandy Wood"
"Albert Helibron","Emma DSouza",MariahCarey
"Albert Helibron","Emma DSouza","Mary Smith"
"Albert Helibron","Emma DSouza","Monica Lomet"
"Albert Helibron","Emma DSouza","Nadir Goldstein"
"Albert Helibron","Emma DSouza","Nadir Toddbridge"
"Albert Helibron","Emma DSouza",RafaelNadal
"Albert Helibron","Emma DSouza","Roger Carey"
"Albert Helibron","Emma DSouza","Roger DSouza"
"Albert Helibron","Emma DSouza","Sam Goldstein"
"Albert Helibron","Emma DSouza","Tom Chrysler"
"Albert Helibron","Emma DSouza",VenusWilliams
"Albert Helibron","Erie DSouza","Betty Chrysler"
"Albert Helibron","Erie DSouza","Betty Helibron"
"Albert Helibron","Erie DSouza","Betty Wood"
"Albert Helibron","Erie DSouza",BradPitt
"Albert Helibron","Erie DSouza","Bruno Karipova"
"Albert Helibron","Erie DSouza","Celina Larson"
"Albert Helibron","Erie DSouza","Celina Toddbridge"
"Albert Helibron","Erie DSouza",DavidBeckham
"Albert Helibron","Erie DSouza","Denny Goldstein"
"Albert Helibron","Erie DSouza","Denny Karipova"
"Albert Helibron","Erie DSouza","Elena Chrysler"
"Albert Helibron","Erie DSouza","Emma Goldstein"
"Albert Helibron","Erie DSouza","Gina Smith"
"Albert Helibron","Erie DSouza","Jeremy Carey"
"Albert Helibron","Erie DSouza",JohnTravolta
"Albert Helibron","Erie DSouza",JuliaRoberts
"Albert Helibron","Erie DSouza","Mandy Smith"
"Albert Helibron","Erie DSouza",MariahCarey
"Albert Helibron","Erie DSouza","Monica DSouza"
"Albert Helibron","Erie DSouza","Monica Lomet"
"Albert Helibron","Erie DSouza","Monica Toddbridge"
"Albert Helibron","Erie DSouza",MorganFreeman
"Albert Helibron","Erie DSouza","Nadir Toddbridge"
"Albert Helibron","Erie DSouza","Nadir Wood"
"Albert Helibron","Erie DSouza","Peter Keit"
"Albert Helibron","Erie DSouza","Roger Carey"
"Albert Helibron","Erie DSouza",SandraBullock
"Albert Helibron","Erie DSouza",VenusWilliams
"Albert Helibron","Gina Larson","Albert Karipova"
"Albert Helibron","Gina Larson","Albert Li"
"Albert Helibron","Gina Larson","Betty Chrysler"
"Albert Helibron","Gina Larson","Betty Helibron"
"Albert Helibron","Gina Larson",BradPitt
"Albert Helibron","Gina Larson","Bruno Keit"
"Albert Helibron","Gina Larson","Bruno Li"
"Albert Helibron","Gina Larson","Celina Toddbridge"
"Albert Helibron","Gina Larson","Charles Peterson"
"Albert Helibron","Gina Larson","Christy Helibron"
"Albert Helibron","Gina Larson","Christy Li"
"Albert Helibron","Gina Larson","Christy Lomet"
"Albert Helibron","Gina Larson","David Parker"
"Albert Helibron","Gina Larson",DavidBeckham
"Albert Helibron","Gina Larson","Denny Goldstein"
"Albert Helibron","Gina Larson","Denny Keit"
"Albert Helibron","Gina Larson","Jeremy Goldstein"
"Albert Helibron","Gina Larson","John Parker"
"Albert Helibron","Gina Larson",JohnTravolta
"Albert Helibron","Gina Larson",JuliaRoberts
"Albert Helibron","Gina Larson",MariahCarey
"Albert Helibron","Gina Larson","Monica Keit"
"Albert Helibron","Gina Larson","Roger Larson"
"Albert Helibron","Gina Larson",SandraBullock
"Albert Helibron","Gina Larson","Tina Keit"
"Albert Helibron","Gina Larson","Tom Carey"
"Albert Helibron","Gina Larson",VenusWilliams
"Albert Helibron","Gina Smith","Albert Smith"
"Albert Helibron","Gina Smith","Betty Helibron"
"Albert Helibron","Gina Smith",BradPitt
"Albert Helibron","Gina Smith","Bruno Karipova"
"Albert Helibron","Gina Smith","Bruno Keit"
"Albert Helibron","Gina Smith","Celina Larson"
"Albert Helibron","Gina Smith","Charles Chrysler"
"Albert Helibron","Gina Smith","Christy Li"
"Albert Helibron","Gina Smith",DavidBeckham
"Albert Helibron","Gina Smith","Denny Goldstein"
"Albert Helibron","Gina Smith","Emma DSouza"
"Albert Helibron","Gina Smith","Erie DSouza"
"Albert Helibron","Gina Smith","George Goldstein"
"Albert Helibron","Gina Smith","Gina Carey"
"Albert Helibron","Gina Smith","Gina Larson"
"Albert Helibron","Gina Smith","John Chrysler"
"Albert Helibron","Gina Smith",JohnTravolta
"Albert Helibron","Gina Smith",JuliaRoberts
"Albert Helibron","Gina Smith",MariahCarey
"Albert Helibron","Gina Smith",MichaelPhelps
"Albert Helibron","Gina Smith","Mike Keit"
"Albert Helibron","Gina Smith","Monica DSouza"
"Albert Helibron","Gina Smith",MorganFreeman
"Albert Helibron","Gina Smith","Nadir Wood"
"Albert Helibron","Gina Smith",NicholasCage
"Albert Helibron","Gina Smith","Peter Karipova"
"Albert Helibron","Gina Smith","Sam Goldstein"
"Albert Helibron","Gina Smith","Tom Carey"
"Albert Helibron",JuliaRoberts,MorganFreeman
"Albert Helibron",JustinTimberlake,MichaelPhelps
"Albert Helibron",JustinTimberlake,NicoleKidman
"Albert Helibron",MariahCarey,MorganFreeman
"Albert Helibron",MichaelPhelps,BradPitt
"Albert Helibron",MichaelPhelps,JohnTravolta
"Albert Helibron",MichaelPhelps,SandraBullock
"Albert Helibron",MichaelPhelps,TomHanks
"Albert Helibron","Mike Keit","Alex Peterson"
"Albert Helibron","Mike Keit",BradPitt
"Albert Helibron","Mike Keit",BruceWillis
"Albert Helibron","Mike Keit","Bruno Keit"
"Albert Helibron","Mike Keit","Bruno Li"
"Albert Helibron","Mike Keit","Bruno Smith"
"Albert Helibron","Mike Keit","Celina Larson"
"Albert Helibron","Mike Keit","Christy Li"
"Albert Helibron","Mike Keit","David Parker"
"Albert Helibron","Mike Keit","Denny Karipova"
"Albert Helibron","Mike Keit","Erie DSouza"
"Albert Helibron","Mike Keit","Erie Karipova"
"Albert Helibron","Mike Keit","Gina Helibron"
"Albert Helibron","Mike Keit","Gina Smith"
"Albert Helibron","Mike Keit",JohnTravolta
"Albert Helibron","Mike Keit",JuliaRoberts
"Albert Helibron","Mike Keit","Mandy Smith"
"Albert Helibron","Mike Keit","Monica DSouza"
"Albert Helibron","Mike Keit",MorganFreeman
"Albert Helibron","Mike Keit","Nadir Helibron"
"Albert Helibron","Mike Keit",RafaelNadal
"Albert Helibron","Mike Keit","Sam Helibron"
"Albert Helibron","Mike Keit","Sam Larson"
"Albert Helibron","Mike Keit",SandraBullock
"Albert Helibron","Mike Keit","Sarena DSouza"
"Albert Helibron","Mike Keit","Tom Chrysler"
"Albert Helibron","Monica Keit","Albert Carey"
"Albert Helibron","Monica Keit","Albert Smith"
"Albert Helibron","Monica Keit","Alex Peterson"
"Albert Helibron","Monica Keit","Betty Lomet"
"Albert Helibron","Monica Keit","Betty Wood"
"Albert Helibron","Monica Keit",BradPitt
"Albert Helibron","Monica Keit","Bruno Karipova"
"Albert Helibron","Monica Keit","Celina Parker"
"Albert Helibron","Monica Keit","Charles Parker"
"Albert Helibron","Monica Keit","Denny Karipova"
"Albert Helibron","Monica Keit","Elena Chrysler"
"Albert Helibron","Monica Keit","Elena DSouza"
"Albert Helibron","Monica Keit","Elena Parker"
"Albert Helibron","Monica Keit","Emma DSouza"
"Albert Helibron","Monica Keit","Emma Smith"
"Albert Helibron","Monica Keit","Jeremy Carey"
"Albert Helibron","Monica Keit","John Wood"
"Albert Helibron","Monica Keit",JuliaRoberts
"Albert Helibron","Monica Keit",MariahCarey
"Albert Helibron","Monica Keit",MorganFreeman
"Albert Helibron","Monica Keit","Nadir Karipova"
"Albert Helibron","Monica Keit","Roger Carey"
"Albert Helibron","Monica Keit","Sarena Carey"
"Albert Helibron","Monica Keit","Tom Wood"
"Albert Helibron","Monica Keit",TomHanks
"Albert Helibron","Monica Keit",VenusWilliams
"Albert Helibron","Nadir Li","Albert Larson"
"Albert Helibron","Nadir Li","Albert Li"
"Albert Helibron","Nadir Li","Alex Peterson"
"Albert Helibron","Nadir Li","Betty Chrysler"
"Albert Helibron","Nadir Li","Betty Wood"
"Albert Helibron","Nadir Li",BradPitt
"Albert Helibron","Nadir Li","Bruno Smith"
"Albert Helibron","Nadir Li","Charles Chrysler"
"Albert Helibron","Nadir Li","Charles Karipova"
"Albert Helibron","Nadir Li","Emma Smith"
"Albert Helibron","Nadir Li","Gina Helibron"
"Albert Helibron","Nadir Li","Gina Parker"
"Albert Helibron","Nadir Li","John Chrysler"
"Albert Helibron","Nadir Li",JuliaRoberts
"Albert Helibron","Nadir Li","Kitty Helibron"
"Albert Helibron","Nadir Li",MariahCarey
"Albert Helibron","Nadir Li",MichaelPhelps
"Albert Helibron","Nadir Li","Monica Keit"
"Albert Helibron","Nadir Li",MorganFreeman
"Albert Helibron","Nadir Li","Nadir Helibron"
"Albert Helibron","Nadir Li","Roger Carey"
"Albert Helibron","Nadir Li","Sam DSouza"
"Albert Helibron","Nadir Li","Sarena Carey"
"Albert Helibron","Nadir Li","Sarena DSouza"
"Albert Helibron","Nadir Li",VenusWilliams
"Albert Helibron","Peter Karipova","Albert Carey"
"Albert Helibron","Peter Karipova","Albert Helibron"
"Albert Helibron","Peter Karipova","Betty Lomet"
"Albert Helibron","Peter Karipova","Betty Wood"
"Albert Helibron","Peter Karipova",BradPitt
"Albert Helibron","Peter Karipova","Bruno Keit"
"Albert Helibron","Peter Karipova","Celina Toddbridge"
"Albert Helibron","Peter Karipova","Emma Parker"
"Albert Helibron","Peter Karipova","Emma Smith"
"Albert Helibron","Peter Karipova","Gina Helibron"
"Albert Helibron","Peter Karipova","Gina Toddbridge"
"Albert Helibron","Peter Karipova","Jeremy Parker"
"Albert Helibron","Peter Karipova",JohnTravolta
"Albert Helibron","Peter Karipova",JuliaRoberts
"Albert Helibron","Peter Karipova","Kitty Toddbridge"
"Albert Helibron","Peter Karipova",MariahCarey
"Albert Helibron","Peter Karipova","Monica DSouza"
"Albert Helibron","Peter Karipova","Monica Lomet"
"Albert Helibron","Peter Karipova","Nadir Goldstein"
"Albert Helibron","Peter Karipova",NicholasCage
"Albert Helibron","Peter Karipova",RafaelNadal
"Albert Helibron","Peter Karipova","Roger Carey"
"Albert Helibron","Peter Karipova","Sam DSouza"
"Albert Helibron","Peter Karipova","Sam Goldstein"
"Albert Helibron","Peter Karipova","Sam Peterson"
"Albert Helibron","Peter Karipova",SandraBullock
"Albert Helibron","Peter Karipova","Sarena Carey"
"Albert Helibron","Peter Karipova",VenusWilliams
"Albert Helibron","Roger Carey",BradPitt
"Albert Helibron","Roger Carey","Bruno Keit"
"Albert Helibron","Roger Carey","Charles Parker"
"Albert Helibron","Roger Carey",DavidBeckham
"Albert Helibron","Roger Carey","Denny Keit"
"Albert Helibron","Roger Carey","Elena Chrysler"
"Albert Helibron","Roger Carey","Elena Parker"
"Albert Helibron","Roger Carey","Emma Parker"
"Albert Helibron","Roger Carey","Gabriela Li"
"Albert Helibron","Roger Carey","Gina Parker"
"Albert Helibron","Roger Carey","Gina Smith"
"Albert Helibron","Roger Carey","Jeremy Goldstein"
"Albert Helibron","Roger Carey","John Chrysler"
"Albert Helibron","Roger Carey","John Parker"
"Albert Helibron","Roger Carey",JohnTravolta
"Albert Helibron","Roger Carey","Kitty Helibron"
"Albert Helibron","Roger Carey","Mandy Wood"
"Albert Helibron","Roger Carey",MichaelPhelps
"Albert Helibron","Roger Carey","Nadir Goldstein"
"Albert Helibron","Roger Carey","Nadir Li"
"Albert Helibron","Roger Carey",RafaelNadal
"Albert Helibron","Roger Carey","Roger DSouza"
"Albert Helibron","Roger Carey","Sam DSouza"
"Albert Helibron","Roger Carey","Sam Li"
"Albert Helibron","Roger Carey","Tom Wood"
"Albert Helibron","Sam Li","Alex Wood"
"Albert Helibron","Sam Li","Betty Chrysler"
"Albert Helibron","Sam Li","Betty Wood"
"Albert Helibron","Sam Li",BradPitt
"Albert Helibron","Sam Li","Bruno Lomet"
"Albert Helibron","Sam Li","Bruno Smith"
"Albert Helibron","Sam Li","Celina Toddbridge"
"Albert Helibron","Sam Li","Charles Chrysler"
"Albert Helibron","Sam Li","David Parker"
"Albert Helibron","Sam Li","Denny Larson"
"Albert Helibron","Sam Li","Elena Chrysler"
"Albert Helibron","Sam Li","Erie DSouza"
"Albert Helibron","Sam Li","Erie Karipova"
"Albert Helibron","Sam Li","George Lomet"
